{
  "id": "",
  "name": "",
  "font_family": "iconfont",
  "css_prefix_text": "icon-",
  "description": "",
  "glyphs": [
    {
      "icon_id": "38617898",
      "name": "FT(us)",
      "font_class": "a-americanfootball",
      "unicode": "e601",
      "unicode_decimal": 58881
    },
    {
      "icon_id": "38617899",
      "name": "拳击",
      "font_class": "boxing",
      "unicode": "e602",
      "unicode_decimal": 58882
    },
    {
      "icon_id": "38617900",
      "name": "hockey冰球",
      "font_class": "hockey",
      "unicode": "e603",
      "unicode_decimal": 58883
    },
    {
      "icon_id": "38617901",
      "name": "板球",
      "font_class": "cricket",
      "unicode": "e604",
      "unicode_decimal": 58884
    },
    {
      "icon_id": "38617902",
      "name": "橄榄球",
      "font_class": "football",
      "unicode": "e605",
      "unicode_decimal": 58885
    },
    {
      "icon_id": "38617903",
      "name": "棒球",
      "font_class": "baseball",
      "unicode": "e606",
      "unicode_decimal": 58886
    },
    {
      "icon_id": "38617904",
      "name": "handball",
      "font_class": "handball",
      "unicode": "e607",
      "unicode_decimal": 58887
    },
    {
      "icon_id": "38617905",
      "name": "op",
      "font_class": "gaming",
      "unicode": "e608",
      "unicode_decimal": 58888
    },
    {
      "icon_id": "38617906",
      "name": "沙滩排球",
      "font_class": "a-beachvolleyball",
      "unicode": "e609",
      "unicode_decimal": 58889
    },
    {
      "icon_id": "38617907",
      "name": "live-icon-1",
      "font_class": "live-icon-1",
      "unicode": "e60a",
      "unicode_decimal": 58890
    },
    {
      "icon_id": "38617908",
      "name": "pingpong兵乓球",
      "font_class": "pingpong",
      "unicode": "e60b",
      "unicode_decimal": 58891
    },
    {
      "icon_id": "38617909",
      "name": "OP_BM",
      "font_class": "a-yumaoqiu-icon-1",
      "unicode": "e60c",
      "unicode_decimal": 58892
    },
    {
      "icon_id": "38617910",
      "name": "bk",
      "font_class": "a-lanqiu-icon-1",
      "unicode": "e60d",
      "unicode_decimal": 58893
    },
    {
      "icon_id": "38617911",
      "name": "tn",
      "font_class": "a-wangqiu-icon-1",
      "unicode": "e60e",
      "unicode_decimal": 58894
    },
    {
      "icon_id": "38617912",
      "name": "FT",
      "font_class": "zuqiu-icon-1",
      "unicode": "e60f",
      "unicode_decimal": 58895
    },
    {
      "icon_id": "38617913",
      "name": "室内 FT",
      "font_class": "a-indoorsoccer",
      "unicode": "e610",
      "unicode_decimal": 58896
    },
    {
      "icon_id": "38617914",
      "name": "snooker",
      "font_class": "snooker",
      "unicode": "e611",
      "unicode_decimal": 58897
    },
    {
      "icon_id": "38617915",
      "name": "volleyball",
      "font_class": "volleyball",
      "unicode": "e612",
      "unicode_decimal": 58898
    },
    {
      "icon_id": "38617916",
      "name": "water polo",
      "font_class": "a-waterpolo",
      "unicode": "e613",
      "unicode_decimal": 58899
    },
    {
      "icon_id": "38618610",
      "name": "live",
      "font_class": "a-dashibei-icon-22x",
      "unicode": "e614",
      "unicode_decimal": 58900
    },
    {
      "icon_id": "38618611",
      "name": "house",
      "font_class": "a-shouyeicon2x",
      "unicode": "e615",
      "unicode_decimal": 58901
    },
    {
      "icon_id": "38618613",
      "name": "home",
      "font_class": "a-tiyu-icon-12x",
      "unicode": "e616",
      "unicode_decimal": 58902
    },
    {
      "icon_id": "38634440",
      "name": "champion",
      "font_class": "guanjunjingcai-2",
      "unicode": "e617",
      "unicode_decimal": 58903
    },
    {
      "icon_id": "38634442",
      "name": "calendar",
      "font_class": "a-shijianpaixu-icon-1",
      "unicode": "e618",
      "unicode_decimal": 58904
    },
    {
      "icon_id": "38634443",
      "name": "推荐- icon-1",
      "font_class": "a-tuijian-icon-1",
      "unicode": "e619",
      "unicode_decimal": 58905
    },
    {
      "icon_id": "38634444",
      "name": "championMatch",
      "font_class": "a-guanjunsai-icon-1",
      "unicode": "e61a",
      "unicode_decimal": 58906
    },
    {
      "icon_id": "38634445",
      "name": "Hot",
      "font_class": "a-rebo-icon-1",
      "unicode": "e61b",
      "unicode_decimal": 58907
    },
    {
      "icon_id": "38634446",
      "name": "time",
      "font_class": "a-xuanzeshijian-icon",
      "unicode": "e61c",
      "unicode_decimal": 58908
    },
    {
      "icon_id": "38743962",
      "name": "电视",
      "font_class": "dianshi",
      "unicode": "e61d",
      "unicode_decimal": 58909
    },
    {
      "icon_id": "38743977",
      "name": "blueGame",
      "font_class": "blueGame",
      "unicode": "e61e",
      "unicode_decimal": 58910
    },
    {
      "icon_id": "38836615",
      "name": "group",
      "font_class": "group",
      "unicode": "e61f",
      "unicode_decimal": 58911
    },
    {
      "icon_id": "38836616",
      "name": "cup",
      "font_class": "cup",
      "unicode": "e620",
      "unicode_decimal": 58912
    },
    {
      "icon_id": "38836617",
      "name": "wrestling",
      "font_class": "wrestling",
      "unicode": "e621",
      "unicode_decimal": 58913
    },
    {
      "icon_id": "38893905",
      "name": "hot-icon@2x",
      "font_class": "a-hot-icon2x",
      "unicode": "e622",
      "unicode_decimal": 58914
    },
    {
      "icon_id": "38893906",
      "name": "66",
      "font_class": "a-66",
      "unicode": "e623",
      "unicode_decimal": 58915
    },
    {
      "icon_id": "38893907",
      "name": "早-icon@2x",
      "font_class": "a-zao-icon2x",
      "unicode": "e624",
      "unicode_decimal": 58916
    },
    {
      "icon_id": "38893908",
      "name": "今日icon@2x",
      "font_class": "a-jinriicon2x",
      "unicode": "e625",
      "unicode_decimal": 58917
    }
  ]
}
